,,,https://eclipse.gsfc.nasa.gov/SEcat5/SE1901-2000.html,,,Catalog of Solar Eclipses 1901 - 2100,,,,,,,,,,,,,,
,,,,,,,,,,,,,,,,,,,,
Catalog Number,Calender Date (Year),Calender Date (Month) (in string),Calender Date (Day),Calender Date (Month) (in numbers),Number of Days between 2 Consecutive Eclipses (in numbers),TD of Greatest Eclipse,DELTA T,Luna Num,Saros Num,Eclipse Type,QLE,Gamma,Eclispe Magnitude,Latitude,Longitude,Sun Alt,Path Width (km),Central Duration (in minutes),Central Duration (in seconds),Central Duration (Total) in seconds
9283,1901,May,18,5,177.00,05:33:48,-1,-1220,136,T,n-,-0.3626,1.068,2S,98E,69,238,6,29,389
9284,1901,Nov,11,11,148.00,07:28:21,0,-1214,141,A,p-,0.4758,0.9216,11N,69E,62,336,11,1,661
9285,1902,Apr,8,4,29.00,14:05:06,0,-1209,108,Pe,-t,1.5024,0.0643,72N,142W,0,0,0,0,0
9286,1902,May,7,5,177.00,22:34:16,0,-1208,146,P,t-,-1.0831,0.8593,70S,125W,0,0,0,0,0
9287,1902,Oct,31,10,149.00,08:00:18,1,-1202,151,P,t-,1.1556,0.696,71N,101E,0,0,0,0,0
9288,1903,Mar,29,3,176.00,01:35:23,2,-1197,118,A,-p,0.8413,0.9767,56N,130E,32,153,1,53,113
9289,1903,Sep,21,9,178.00,04:39:52,2,-1191,123,T,-p,-0.8967,1.0316,58S,77E,26,241,2,12,132
9290,1904,Mar,17,3,176.00,05:40:44,3,-1185,128,A,nn,0.1299,0.9367,6N,95E,82,237,8,7,487
9291,1904,Sep,9,9,178.00,20:44:21,3,-1179,133,T,-n,-0.1625,1.0709,4S,135W,81,234,6,20,380
9292,1905,Mar,6,3,177.00,05:12:26,4,-1173,138,A,p-,-0.5768,0.9269,40S,117E,55,334,7,58,478
9293,1905,Aug,30,8,177.00,13:07:26,5,-1167,143,T,p-,0.5708,1.0477,42N,4W,55,192,3,46,226
9294,1906,Feb,23,2,148.00,07:43:20,5,-1161,148,P,t-,-1.2479,0.5386,71S,170W,0,0,0,0,0
9295,1906,Jul,21,7,30.00,13:14:19,6,-1156,115,P,-t,-1.3637,0.3355,69S,33W,0,0,0,0,0
9296,1906,Aug,20,8,147.00,01:12:50,6,-1155,153,P,t-,1.3731,0.3147,71N,66W,0,0,0,0,0
9297,1907,Jan,14,1,177.00,06:05:43,6,-1150,120,T,-p,0.8628,1.0281,38N,86E,30,189,2,25,145
9298,1907,Jul,10,7,177.00,15:24:32,7,-1144,125,A,-p,-0.6313,0.9456,17S,51W,51,258,7,23,443
9299,1908,Jan,3,1,177.00,21:45:22,8,-1138,130,T,-n,0.1934,1.0437,12S,145W,79,149,4,14,254
9300,1908,Jun,28,6,178.00,16:29:51,8,-1132,135,A,nn,0.1389,0.9655,31N,67W,82,126,4,0,240
9301,1908,Dec,23,12,176.00,11:44:28,9,-1126,140,H,n-,-0.4985,1.0024,53S,1W,60,10,0,12,12
9302,1909,Jun,17,6,178.00,23:18:38,10,-1120,145,H,t-,0.8957,1.0065,83N,124E,26,51,0,24,24
9303,1909,Dec,12,12,148.00,19:44:48,10,-1114,150,P,t-,-1.2456,0.5424,65S,86E,0,0,0,0,0
9304,1910,May,9,5,177.00,05:42:13,11,-1109,117,T,-t,-0.9437,1.06,48S,125E,19,594,4,15,255
9305,1910,Nov,2,11,177.00,02:08:32,12,-1103,122,P,-t,1.0603,0.8515,62N,155W,0,0,0,0,0
9306,1911,Apr,28,4,177.00,22:27:22,12,-1097,127,T,-n,-0.2294,1.0562,2N,152W,77,190,4,57,297
9307,1911,Oct,22,10,178.00,04:13:02,13,-1091,132,A,-n,0.3224,0.965,6N,121E,71,133,3,47,227
9308,1912,Apr,17,4,176.00,11:34:22,14,-1085,137,H,p-,0.528,1.0003,38N,11W,58,1,0,2,2
9309,1912,Oct,10,10,178.00,13:36:14,14,-1079,142,T,p-,-0.4149,1.0229,28S,40W,65,85,1,55,115
9310,1913,Apr,6,4,147.00,17:33:07,15,-1073,147,P,t-,1.3147,0.4244,61N,176E,0,0,0,0,0
9311,1913,Aug,31,8,30.00,20:52:12,15,-1068,114,P,-t,1.4512,0.1513,61N,27W,0,0,0,0,0
9312,1913,Sep,30,9,148.00,04:45:49,15,-1067,152,P,t-,-1.1005,0.8252,61S,12E,0,0,0,0,0
9313,1914,Feb,25,2,177.00,00:13:01,16,-1062,119,A,-p,-0.9416,0.9248,62S,113W,19,839,5,35,335
9314,1914,Aug,21,8,177.00,12:34:27,17,-1056,124,T,-p,0.7655,1.0328,54N,27E,40,170,2,14,134
9315,1915,Feb,14,2,177.00,04:33:20,17,-1050,129,A,nn,-0.2024,0.9789,24S,121E,78,77,2,4,124
9316,1915,Aug,10,8,177.00,22:52:25,18,-1044,134,A,nn,0.0124,0.9853,16N,161W,89,52,1,33,93
9317,1916,Feb,3,2,178.00,16:00:21,18,-1038,139,T,p-,0.4987,1.028,11N,68W,60,108,2,36,156
9318,1916,Jul,30,7,147.00,02:06:10,19,-1032,144,A,p-,-0.7709,0.9447,29S,132E,39,313,6,24,384
9319,1916,Dec,24,12,30.00,20:46:22,19,-1027,111,P,-t,-1.5321,0.0114,66S,32E,0,0,0,0,0
9320,1917,Jan,23,1,147.00,07:28:31,19,-1026,149,P,t-,1.1508,0.7254,63N,26E,0,0,0,0,0
9321,1917,Jun,19,6,30.00,13:16:21,20,-1021,116,P,-t,1.2857,0.4729,66N,150E,0,0,0,0,0
9322,1917,Jul,19,7,148.00,02:42:42,20,-1020,154,Pb,t-,-1.5101,0.0863,64S,102E,0,0,0,0,0
9323,1917,Dec,14,12,176.00,09:27:20,20,-1015,121,A,-t,-0.9157,0.9791,88S,125E,23,189,1,17,77
9324,1918,Jun,8,6,178.00,22:07:43,20,-1009,126,T,-p,0.4658,1.0292,51N,152W,62,112,2,23,143
9325,1918,Dec,3,12,177.00,15:22:02,21,-1003,131,A,-n,-0.2387,0.9383,36S,54W,76,236,7,6,426
9326,1919,May,29,5,177.00,13:08:55,21,-997,136,T,n-,-0.2955,1.0719,4N,17W,73,244,6,51,411
9327,1919,Nov,22,11,178.00,15:14:12,21,-991,141,A,p-,0.4549,0.9198,7N,49W,63,341,11,37,697
9328,1920,May,18,5,176.00,06:14:55,21,-985,146,P,t-,-1.0239,0.9734,69S,108E,0,0,0,0,0
9329,1920,Nov,10,11,149.00,15:52:15,22,-979,151,P,t-,1.1287,0.742,70N,30W,0,0,0,0,0
9330,1921,Apr,8,4,176.00,09:15:01,22,-974,118,A,-t,0.8869,0.9753,64N,6E,27,192,1,50,110
9331,1921,Oct,1,10,178.00,12:35:58,22,-968,123,T,-p,-0.9383,1.0293,66S,56W,20,291,1,52,112
9332,1922,Mar,28,3,177.00,13:05:26,23,-962,128,A,nn,0.1711,0.9381,12N,18W,80,233,7,50,470
9333,1922,Sep,21,9,177.00,04:40:31,23,-956,133,T,-n,-0.213,1.0678,11S,105E,78,226,5,59,359
9334,1923,Mar,17,3,177.00,12:44:58,23,-950,138,A,p-,-0.5438,0.931,33S,2E,57,305,7,51,471
9335,1923,Sep,10,9,177.00,20:47:29,23,-944,143,T,p-,0.5149,1.043,35N,122W,59,167,3,37,217
9336,1924,Mar,5,3,148.00,15:44:20,24,-938,148,P,t-,-1.2232,0.5819,72S,56E,0,0,0,0,0
9337,1924,Jul,31,7,30.00,19:58:20,24,-933,115,P,-t,-1.4459,0.192,70S,146W,0,0,0,0,0
9338,1924,Aug,30,8,147.00,08:23:00,24,-932,153,P,t-,1.3123,0.4245,71N,173E,0,0,0,0,0
9339,1925,Jan,24,1,177.00,14:54:03,24,-927,120,T,-p,0.8661,1.0304,40N,50W,30,206,2,32,152
9340,1925,Jul,20,7,178.00,21:48:42,24,-921,125,A,-p,-0.7193,0.9436,25S,150W,44,300,7,15,435
9341,1926,Jan,14,1,176.00,06:36:58,24,-915,130,T,-n,0.1973,1.043,10S,82E,79,147,4,11,251
9342,1926,Jul,9,7,178.00,23:06:02,24,-909,135,A,nn,0.0538,0.968,26N,165W,87,115,3,51,231
9343,1927,Jan,3,1,177.00,20:22:53,24,-903,140,A,n-,-0.4956,0.9995,53S,125W,60,2,0,3,3
9344,1927,Jun,29,6,178.00,06:23:27,24,-897,145,T,t-,0.8163,1.0128,78N,74E,35,77,0,50,50
9345,1927,Dec,24,12,147.00,03:59:41,24,-891,150,P,t-,-1.2416,0.549,66S,48W,0,0,0,0,0
9346,1928,May,19,5,29.00,13:24:20,24,-886,117,T-,-t,-1.0048,1.014,63S,22E,0,0,0,0,0
9347,1928,Jun,17,6,148.00,20:27:28,24,-885,155,Pb,t-,1.5107,0.0375,66N,71E,0,0,0,0,0
9348,1928,Nov,12,11,178.00,09:48:24,24,-880,122,P,-t,1.0861,0.8078,63N,81E,0,0,0,0,0
9349,1929,May,9,5,176.00,06:10:34,24,-874,127,T,-n,-0.2887,1.0562,2N,93E,73,193,5,7,307
9350,1929,Nov,1,11,178.00,12:05:10,24,-868,132,A,-n,0.3514,0.9649,4N,3E,69,134,3,54,234
9351,1930,Apr,28,4,176.00,19:03:34,24,-862,137,H,p-,0.473,1.0003,39N,121W,62,1,0,1,1
9352,1930,Oct,21,10,179.00,21:43:53,24,-856,142,T,p-,-0.3804,1.023,31S,161W,67,84,1,55,115
9353,1931,Apr,18,4,147.00,00:45:35,24,-850,147,P,t-,1.2643,0.5107,61N,59E,0,0,0,0,0
9354,1931,Sep,12,9,29.00,04:41:25,24,-845,114,Pe,-t,1.506,0.0471,61N,153W,0,0,0,0,0
9355,1931,Oct,11,10,148.00,12:55:40,24,-844,152,P,t-,-1.0607,0.9005,61S,119W,0,0,0,0,0
9356,1932,Mar,7,3,177.00,07:55:50,24,-839,119,A,-p,-0.9673,0.9277,61S,134E,14,1083,5,19,319
9357,1932,Aug,31,8,177.00,20:03:41,24,-833,124,T,-p,0.8307,1.0257,54N,79W,34,155,1,45,105
9358,1933,Feb,24,2,178.00,12:46:39,24,-827,129,A,nn,-0.2191,0.9841,21S,2W,77,58,1,32,92
9359,1933,Aug,21,8,177.00,05:49:11,24,-821,134,A,nn,0.0869,0.9801,17N,96E,85,71,2,4,124
9360,1934,Feb,14,2,177.00,00:38:41,24,-815,139,T,p-,0.4868,1.0321,13N,162E,61,123,2,53,173
9361,1934,Aug,10,8,148.00,08:37:48,24,-809,144,A,p-,-0.689,0.9436,25S,35E,46,280,6,33,393
9362,1935,Jan,5,1,29.00,05:35:46,24,-804,111,Pe,-t,-1.5381,0.0013,65S,110W,0,0,0,0,0
9363,1935,Feb,3,2,147.00,16:16:20,24,-803,149,P,t-,1.1438,0.739,62N,115W,0,0,0,0,0
9364,1935,Jun,30,6,30.00,19:59:46,24,-798,116,P,-t,1.3623,0.3375,65N,39E,0,0,0,0,0
9365,1935,Jul,30,7,148.00,09:16:28,24,-797,154,P,t-,-1.4259,0.2315,63S,6W,0,0,0,0,0
9366,1935,Dec,25,12,177.00,17:59:52,24,-792,121,A,-t,-0.9228,0.9752,84S,9E,22,234,1,30,90
9367,1936,Jun,19,6,177.00,05:20:31,24,-786,126,T,-p,0.5389,1.0329,56N,105E,57,132,2,31,151
9368,1936,Dec,13,12,177.00,23:28:12,24,-780,131,A,-n,-0.2493,0.9349,38S,173W,75,251,7,25,445
9369,1937,Jun,8,6,177.00,20:41:02,24,-774,136,T,n-,-0.2253,1.0751,10N,131W,77,250,7,4,424
9370,1937,Dec,2,12,178.00,23:05:45,24,-768,141,A,p-,0.4389,0.9184,4N,168W,64,344,12,0,720
9371,1938,May,29,5,176.00,13:50:19,24,-762,146,T,t-,-0.9607,1.0552,53S,22W,16,675,4,5,245
9372,1938,Nov,21,11,149.00,23:52:25,24,-756,151,P,t-,1.1077,0.7781,69N,162W,0,0,0,0,0
9373,1939,Apr,19,4,176.00,16:45:53,24,-751,118,A,-t,0.9388,0.9731,73N,129W,20,285,1,49,109
9374,1939,Oct,12,10,178.00,20:40:23,24,-745,123,T,-p,-0.9737,1.0266,73S,155E,12,418,1,32,92
9375,1940,Apr,7,4,177.00,20:21:21,24,-739,128,A,nn,0.219,0.9394,19N,129W,77,230,7,30,450
9376,1940,Oct,1,10,177.00,12:44:06,25,-733,133,T,-n,-0.2573,1.0645,18S,18W,75,218,5,35,335
9377,1941,Mar,27,3,178.00,20:08:08,25,-727,138,A,p-,-0.5025,0.9355,26S,111W,60,276,7,41,461
9378,1941,Sep,21,9,176.00,04:34:03,25,-721,143,T,p-,0.4649,1.0379,27N,119E,62,143,3,22,202
9379,1942,Mar,16,3,149.00,23:37:07,25,-715,148,P,t-,-1.1908,0.6393,72S,77W,0,0,0,0,0
9380,1942,Aug,12,8,29.00,02:45:12,26,-710,115,Pe,-t,-1.5244,0.0561,70S,100E,0,0,0,0,0
9381,1942,Sep,10,9,147.00,15:39:32,26,-709,153,P,t-,1.2571,0.523,72N,50E,0,0,0,0,0
9382,1943,Feb,4,2,178.00,23:38:10,26,-704,120,T,-p,0.8734,1.0331,44N,175E,29,229,2,39,159
9383,1943,Aug,1,8,177.00,04:16:13,26,-698,125,A,-p,-0.8041,0.9409,35S,109E,36,367,6,59,419
9384,1944,Jan,25,1,177.00,15:26:42,26,-692,130,T,-n,0.2025,1.0428,8S,50W,78,146,4,9,249
9385,1944,Jul,20,7,178.00,05:43:13,27,-686,135,A,nn,-0.0314,0.97,19N,96E,88,108,3,42,222
9386,1945,Jan,14,1,176.00,05:01:43,27,-680,140,A,n-,-0.4937,0.997,51S,110E,60,12,0,15,15
9387,1945,Jul,9,7,178.00,13:27:45,27,-674,145,T,p-,0.7356,1.018,70N,17W,42,92,1,15,75
9388,1946,Jan,3,1,147.00,12:16:11,27,-668,150,P,t-,-1.2392,0.5529,67S,178E,0,0,0,0,0
9389,1946,May,30,5,30.00,21:00:24,28,-663,117,P,-t,-1.0711,0.8865,64S,101W,0,0,0,0,0
9390,1946,Jun,29,6,147.00,03:51:58,28,-662,155,P,t-,1.4361,0.1802,67N,51W,0,0,0,0,0
9391,1946,Nov,23,11,178.00,17:37:12,28,-657,122,P,-t,1.105,0.7758,63N,45W,0,0,0,0,0
9392,1947,May,20,5,176.00,13:47:47,28,-651,127,T,-p,-0.3528,1.0557,0N,21W,69,196,5,13,313
9393,1947,Nov,12,11,179.00,20:05:37,28,-645,132,A,-n,0.3743,0.965,3N,117W,68,135,3,59,239
9394,1948,May,9,5,176.00,02:26:04,28,-639,137,A,p-,0.4133,0.9999,40N,131E,65,0,0,0,0
9395,1948,Nov,1,11,178.00,05:59:18,29,-633,142,T,n-,-0.3517,1.0231,33S,76E,69,84,1,56,116
9396,1949,Apr,28,4,176.00,07:48:53,29,-627,147,P,t-,1.2068,0.6092,62N,56W,0,0,0,0,0
9397,1949,Oct,21,10,148.00,21:13:01,29,-621,152,P,t-,-1.027,0.9638,62S,107E,0,0,0,0,0
9398,1950,Mar,18,3,178.00,15:32:01,29,-616,119,A-,-t,-0.9988,0.962,61S,41E,0,0,0,0,0
9399,1950,Sep,12,9,176.00,03:38:47,29,-610,124,T,-t,0.8903,1.0182,55N,172E,27,134,1,14,74
9400,1951,Mar,7,3,178.00,20:53:40,30,-604,129,A,-n,-0.242,0.9896,18S,124W,76,38,0,59,59
9401,1951,Sep,1,9,177.00,12:51:51,30,-598,134,A,nn,0.1557,0.9747,16N,8W,81,91,2,36,156
9402,1952,Feb,25,2,177.00,09:11:35,30,-592,139,T,p-,0.4697,1.0366,16N,33E,62,138,3,9,189
9403,1952,Aug,20,8,178.00,15:13:35,30,-586,144,A,p-,-0.6102,0.942,22S,64W,52,264,6,40,400
9404,1953,Feb,14,2,147.00,00:59:30,30,-580,149,P,t-,1.1331,0.7596,62N,105E,0,0,0,0,0
9405,1953,Jul,11,7,29.00,02:44:14,30,-575,116,P,-t,1.4388,0.2015,64N,72W,0,0,0,0,0
9406,1953,Aug,9,8,149.00,15:55:03,30,-574,154,P,t-,-1.344,0.3729,62S,115W,0,0,0,0,0
9407,1954,Jan,5,1,176.00,02:32:01,31,-569,121,A,-t,-0.9296,0.972,79S,121W,21,278,1,42,102
9408,1954,Jun,30,6,178.00,12:32:38,31,-563,126,T,-p,0.6135,1.0357,60N,4E,52,153,2,35,155
9409,1954,Dec,25,12,177.00,07:36:42,31,-557,131,A,-n,-0.2576,0.9323,38S,68E,75,262,7,39,459
9410,1955,Jun,20,6,177.00,04:10:42,31,-551,136,T,n-,-0.1528,1.0776,15N,117E,81,254,7,8,428
9411,1955,Dec,14,12,177.00,07:02:25,31,-545,141,A,p-,0.4266,0.9176,2N,72E,65,346,12,9,729
9412,1956,Jun,8,6,177.00,21:20:39,32,-539,146,T,p-,-0.8934,1.0581,41S,141W,26,429,4,45,285
9413,1956,Dec,2,12,149.00,08:00:35,32,-533,151,P,t-,1.0923,0.8047,68N,65E,0,0,0,0,0
9414,1957,Apr,30,4,176.00,00:05:28,32,-528,118,A+,-t,0.9992,0.9799,71N,40E,0,0,0,0,0
9415,1957,Oct,23,10,178.00,04:54:02,32,-522,123,T-,-t,-1.0022,1.0013,71S,23W,0,0,0,0,0
9416,1958,Apr,19,4,176.00,03:27:17,32,-516,128,A,np,0.275,0.9408,26N,124E,74,228,7,7,427
9417,1958,Oct,12,10,178.00,20:55:28,33,-510,133,T,-n,-0.2951,1.0608,24S,142W,73,209,5,11,311
9418,1959,Apr,8,4,177.00,03:24:08,33,-504,138,A,p-,-0.4546,0.9401,19S,138E,63,247,7,26,446
9419,1959,Oct,2,10,177.00,12:27:00,33,-498,143,T,n-,0.4207,1.0325,20N,1W,65,120,3,2,182
9420,1960,Mar,27,3,177.00,07:25:07,33,-492,148,P,t-,-1.1537,0.7058,72S,152E,0,0,0,0,0
9421,1960,Sep,20,9,148.00,22:59:56,33,-486,153,P,t-,1.2057,0.6139,72N,74W,0,0,0,0,0
9422,1961,Feb,15,2,177.00,08:19:48,34,-481,120,T,-p,0.883,1.036,47N,40E,28,258,2,45,165
9423,1961,Aug,11,8,178.00,10:46:47,34,-475,125,A,-p,-0.8859,0.9375,46S,4E,27,499,6,35,395
9424,1962,Feb,5,2,176.00,00:12:38,34,-469,130,T,-n,0.2107,1.043,4S,178E,78,147,4,8,248
9425,1962,Jul,31,7,178.00,12:25:33,34,-463,135,Am,nn,-0.113,0.9716,12N,6W,84,103,3,33,213
9426,1963,Jan,25,1,176.00,13:37:12,35,-457,140,A,n-,-0.4898,0.9951,48S,15W,60,20,0,25,25
9427,1963,Jul,20,7,178.00,20:36:13,35,-451,145,T,p-,0.6571,1.0224,62N,120W,49,101,1,40,100
9428,1964,Jan,14,1,148.00,20:30:08,35,-445,150,P,t-,-1.2354,0.5591,68S,43E,0,0,0,0,0
9429,1964,Jun,10,6,29.00,04:34:07,35,-440,117,P,-t,-1.1393,0.7545,65S,136E,0,0,0,0,0
9430,1964,Jul,9,7,148.00,11:17:53,35,-439,155,P,t-,1.3623,0.3221,68N,173W,0,0,0,0,0
9431,1964,Dec,4,12,177.00,01:31:54,36,-434,122,P,-t,1.1193,0.7518,64N,173W,0,0,0,0,0
9432,1965,May,30,5,177.00,21:17:31,36,-428,127,T,-p,-0.4225,1.0544,2S,134W,65,198,5,15,315
9433,1965,Nov,23,11,178.00,04:14:51,36,-422,132,A,-n,0.3906,0.9656,2N,120E,67,134,4,2,242
9434,1966,May,20,5,176.00,09:39:02,37,-416,137,A,n-,0.3467,0.9991,39N,26E,70,3,0,5,5
9435,1966,Nov,12,11,178.00,14:23:28,37,-410,142,T,n-,-0.33,1.0234,36S,48W,71,84,1,57,117
9436,1967,May,9,5,177.00,14:42:48,38,-404,147,P,t-,1.1422,0.7201,63N,168W,0,0,0,0,0
9437,1967,Nov,2,11,147.00,05:38:56,38,-398,152,T-,t-,-1.0007,1.0126,62S,28W,0,0,0,0,0
9438,1968,Mar,28,3,178.00,23:00:30,38,-393,119,P,-t,-1.037,0.899,61S,80W,0,0,0,0,0
9439,1968,Sep,22,9,177.00,11:18:46,39,-387,124,T,-t,0.9451,1.0099,56N,64E,19,104,0,40,40
9440,1969,Mar,18,3,177.00,04:54:57,39,-381,129,A,-n,-0.2704,0.9954,15S,116E,74,16,0,26,26
9441,1969,Sep,11,9,177.00,19:58:59,40,-375,134,A,nn,0.2201,0.969,16N,114W,77,114,3,11,191
9442,1970,Mar,7,3,177.00,17:38:30,40,-369,139,T,p-,0.4473,1.0414,18N,95W,63,153,3,28,208
9443,1970,Aug,31,8,178.00,21:55:30,41,-363,144,A,p-,-0.5364,0.94,20S,164W,57,258,6,47,407
9444,1971,Feb,25,2,147.00,09:38:07,41,-357,149,P,t-,1.1188,0.7872,61N,34W,0,0,0,0,0
9445,1971,Jul,22,7,29.00,09:31:55,42,-352,116,Pe,-t,1.513,0.0689,64N,177E,0,0,0,0,0
9446,1971,Aug,20,8,149.00,22:39:31,42,-351,154,P,t-,-1.2659,0.508,62S,135E,0,0,0,0,0
9447,1972,Jan,16,1,176.00,11:03:22,42,-346,121,A,-t,-0.9365,0.9692,75S,108E,20,321,1,53,113
9448,1972,Jul,10,7,178.00,19:46:38,43,-340,126,T,-p,0.6872,1.0379,64N,94W,46,175,2,36,156
9449,1973,Jan,4,1,177.00,15:46:21,43,-334,131,A,-n,-0.2644,0.9303,38S,51W,74,271,7,49,469
9450,1973,Jun,30,6,177.00,11:38:41,44,-328,136,T,nn,-0.0785,1.0792,19N,6E,86,256,7,4,424
9451,1973,Dec,24,12,178.00,15:02:44,44,-322,141,A,p-,0.4171,0.9174,1N,48W,65,345,12,2,722
9452,1974,Jun,20,6,176.00,04:48:04,45,-316,146,T,p-,-0.8239,1.0592,32S,104E,34,344,5,9,309
9453,1974,Dec,13,12,149.00,16:13:13,45,-310,151,P,t-,1.0797,0.8266,67N,69W,0,,,,0
9454,1975,May,11,5,176.00,07:17:33,46,-305,118,P,-t,1.0647,0.8636,70N,80W,0,,,,0
9455,1975,Nov,3,11,178.00,13:15:54,46,-299,123,P,-t,-1.0248,0.9588,70S,162W,0,,,,0
9456,1976,Apr,29,4,177.00,10:24:18,47,-293,128,A,-p,0.3378,0.9421,34N,18E,70,227,6,41,401
9457,1976,Oct,23,10,177.00,05:13:45,47,-287,133,T,-n,-0.327,1.0572,30S,92E,71,199,4,46,286
9458,1977,Apr,18,4,177.00,10:31:30,48,-281,138,A,p-,-0.399,0.9449,12S,28E,66,220,7,4,424
9459,1977,Oct,12,10,177.00,20:27:27,48,-275,143,T,n-,0.3836,1.0269,14N,124W,67,99,2,37,157
9460,1978,Apr,7,4,178.00,15:03:47,49,-269,148,P,t-,-1.1081,0.7883,72S,23E,0,,,,0
9461,1978,Oct,2,10,147.00,06:28:43,49,-263,153,P,t-,1.1616,0.6905,72N,160E,0,,,,0
9462,1979,Feb,26,2,177.00,16:55:06,50,-258,120,T,-p,0.8981,1.0391,52N,94W,26,298,2,49,169
9463,1979,Aug,22,8,178.00,17:22:38,50,-252,125,A,-t,-0.9632,0.9329,60S,109W,15,953,6,3,363
9464,1980,Feb,16,2,176.00,08:54:01,51,-246,130,T,-n,0.2224,1.0434,0S,47E,77,149,4,8,248
9465,1980,Aug,10,8,178.00,19:12:21,51,-240,135,A,nn,-0.1915,0.9727,5N,109W,79,100,3,23,203
9466,1981,Feb,4,2,177.00,22:09:24,51,-234,140,A,n-,-0.4838,0.9937,44S,141W,61,25,0,33,33
9467,1981,Jul,31,7,178.00,03:46:37,52,-228,145,T,p-,0.5792,1.0258,53N,134E,54,108,2,2,122
9468,1982,Jan,25,1,147.00,04:42:53,52,-222,150,P,t-,-1.2311,0.5663,69S,92W,0,0,0,0,0
9469,1982,Jun,21,6,29.00,12:04:33,53,-217,117,P,-t,-1.2102,0.6168,66S,13E,0,0,0,0,0
9470,1982,Jul,20,7,148.00,18:44:44,53,-216,155,P,t-,1.2886,0.4643,69N,64E,0,0,0,0,0
9471,1982,Dec,15,12,178.00,09:32:09,53,-211,122,P,-t,1.1293,0.735,65N,57E,0,0,0,0,0
9472,1983,Jun,11,6,176.00,04:43:33,53,-205,127,T,-p,-0.4947,1.0524,6S,114E,60,199,5,11,311
9473,1983,Dec,4,12,178.00,12:31:15,54,-199,132,A,-n,0.4015,0.9666,1N,5W,66,131,4,1,241
9474,1984,May,30,5,176.00,16:45:41,54,-193,137,A,nn,0.2755,0.998,37N,77W,74,7,0,11,11
9475,1984,Nov,22,11,178.00,22:54:17,54,-187,142,T,n-,-0.3132,1.0237,38S,174W,72,85,2,0,120
9476,1985,May,19,5,177.00,21:29:38,55,-181,147,P,t-,1.072,0.8406,63N,81E,0,0,0,0,0
9477,1985,Nov,12,11,148.00,14:11:27,55,-175,152,T,t-,-0.9795,1.0388,69S,143W,11,690,1,59,119
9478,1986,Apr,9,4,177.00,06:21:22,55,-170,119,P,-t,-1.0822,0.8236,61S,161E,0,0,0,0,0
9479,1986,Oct,3,10,177.00,19:06:15,55,-164,124,H,-t,0.9931,1,60N,37W,5,1,0,0,0
9480,1987,Mar,29,3,178.00,12:49:47,55,-158,129,H,-n,-0.3053,1.0013,12S,2W,72,5,0,8,8
9481,1987,Sep,23,9,177.00,03:12:22,56,-152,134,A,-n,0.2787,0.9634,14N,138E,74,137,3,49,229
9482,1988,Mar,18,3,177.00,01:58:56,56,-146,139,T,n-,0.4188,1.0464,21N,140E,65,169,3,46,226
9483,1988,Sep,11,9,177.00,04:44:29,56,-140,144,A,p-,-0.4681,0.9377,20S,94E,62,258,6,57,417
9484,1989,Mar,7,3,177.00,18:08:41,56,-134,149,P,t-,1.0981,0.8268,61N,170W,0,0,0,0,0
9485,1989,Aug,31,8,148.00,05:31:47,57,-128,154,P,t-,-1.1928,0.6344,61S,24E,0,0,0,0,0
9486,1990,Jan,26,1,177.00,19:31:24,57,-123,121,A,-t,-0.9457,0.967,71S,22W,18,373,2,3,123
9487,1990,Jul,22,7,177.00,03:03:07,57,-117,126,T,-p,0.7597,1.0391,65N,169E,40,201,2,33,153
9488,1991,Jan,15,1,177.00,23:53:51,58,-111,131,A,-n,-0.2727,0.929,36S,170W,74,277,7,53,473
9489,1991,Jul,11,7,177.00,19:07:01,58,-105,136,Tm,nn,-0.0041,1.08,22N,105W,90,258,6,53,413
9490,1992,Jan,4,1,178.00,23:05:37,58,-99,141,A,p-,0.4091,0.9179,1N,170W,66,340,11,41,701
9491,1992,Jun,30,6,177.00,12:11:22,59,-93,146,T,p-,-0.7512,1.0592,25S,9W,41,294,5,21,321
9492,1992,Dec,24,12,148.00,00:31:41,59,-87,151,P,t-,1.0711,0.8422,66N,156E,0,0,0,0,0
9493,1993,May,21,5,176.00,14:20:15,59,-82,118,P,-t,1.1372,0.7352,69N,162E,0,0,0,0,0
9494,1993,Nov,13,11,178.00,21:45:51,60,-76,123,P,-t,-1.0411,0.928,70S,58E,0,0,0,0,0
9495,1994,May,10,5,177.00,17:12:26,60,-70,128,A,-p,0.4077,0.9431,42N,84W,66,230,6,13,373
9496,1994,Nov,3,11,177.00,13:40:06,61,-64,133,T,-n,-0.3522,1.0535,35S,34W,69,189,4,23,263
9497,1995,Apr,29,4,178.00,17:33:21,61,-58,138,A,p-,-0.3382,0.9497,5S,79W,70,196,6,37,397
9498,1995,Oct,24,10,176.00,04:33:30,61,-52,143,T,n-,0.3518,1.0213,8N,113E,69,78,2,10,130
9499,1996,Apr,17,4,178.00,22:38:12,62,-46,148,P,t-,-1.058,0.8799,71S,104W,0,0,0,0,0
9500,1996,Oct,12,10,148.00,14:03:04,62,-40,153,P,t-,1.1227,0.7575,72N,32E,0,0,0,0,0
9501,1997,Mar,9,3,177.00,01:24:51,62,-35,120,T,-p,0.9183,1.042,58N,131E,23,356,2,50,170
9502,1997,Sep,2,9,177.00,00:04:48,63,-29,125,P,-t,-1.0352,0.8988,72S,114E,0,0,0,0,0
9503,1998,Feb,26,2,177.00,17:29:27,63,-23,130,T,-n,0.2391,1.0441,5N,83W,76,151,4,9,249
9504,1998,Aug,22,8,178.00,02:07:11,63,-17,135,A,nn,-0.2644,0.9734,3S,145E,75,99,3,14,194
9505,1999,Feb,16,2,176.00,06:34:38,63,-11,140,A,n-,-0.4726,0.9928,40S,94E,62,29,0,40,40
9506,1999,Aug,11,8,178.00,11:04:09,64,-5,145,T,p-,0.5062,1.0286,45N,24E,59,112,2,23,143
9507,2000,Feb,5,2,147.00,12:50:27,64,1,150,P,t-,-1.2233,0.5795,70S,134E,0,0,0,0,0
9508,2000,Jul,1,7,30.00,19:33:34,64,6,117,P,-t,-1.2821,0.4768,67S,109W,0,0,0,0,0
9509,2000,Jul,31,7,147.00,02:14:08,64,7,155,P,t-,1.2166,0.6034,70N,60W,0,0,0,0,0
9510,2000,Dec,25,12,178.00,17:35:57,64,12,122,P,-t,1.1367,0.7228,66N,74W,0,0,0,0,0
9511,2001,Jun,21,6,176.00,0.5033101852,64,18,127,T,-p,-0.5701,1.0495,11S,3E,55,200,4,57,297
9512,2001,Dec,14,12,178.00,0.870150463,64,24,132,A,-n,0.4089,0.9681,1N,131W,66,126,3,53,233
9513,2002,Jun,10,6,177.00,0.989837963,64,30,137,A,nn,0.1993,0.9962,35N,179W,78,13,0,23,23
9514,2002,Dec,4,12,178.00,0.3140740741,64,36,142,T,n-,-0.302,1.0244,39S,60E,72,87,2,4,124
9515,2003,May,31,5,176.00,0.1731712963,64,42,147,An,t-,0.996,0.9384,67N,24W,3,-,3,37,217
9516,2003,Nov,23,11,502.00,0.9516435185,64,48,152,T,t-,-0.9638,1.0379,73S,88E,15,495,1,57,117
9519,2005,Apr,8,4,178.00,0.8589236111,65,65,129,H,-n,-0.3473,1.0074,11S,119W,70,27,0,42,42
9520,2005,Oct,3,10,177.00,0.4394328704,65,71,134,A,-p,0.3306,0.9576,13N,29E,71,162,4,32,272
9521,2006,Mar,29,3,177.00,0.4252662037,65,77,139,T,n-,0.3843,1.0515,23N,17E,67,184,4,7,247
9522,2006,Sep,22,9,503.00,0.4869907407,65,83,144,A,p-,-0.4062,0.9352,21S,9W,66,261,7,9,429
9525,2008,Feb,7,2,176.00,0.1640046296,66,100,121,A,-t,-0.957,0.965,68S,150W,16,444,2,12,132
9526,2008,Aug,1,8,178.00,0.4320833333,66,106,126,T,-p,0.8307,1.0394,66N,72E,34,237,2,27,147
9527,2009,Jan,26,1,177.00,0.3331597222,66,112,131,A,-n,-0.282,0.9282,34S,70E,73,280,7,54,474
9528,2009,Jul,22,7,177.00,0.1086226852,66,118,136,T,nn,0.0698,1.0799,24N,144E,86,258,6,39,399
9529,2010,Jan,15,1,177.00,0.2969791667,67,124,141,A,p-,0.4002,0.919,2N,69E,66,333,11,8,668
9530,2010,Jul,11,7,679.00,0.8157175926,67,130,146,T,p-,-0.6788,1.058,20S,122W,47,259,5,20,320
9535,2012,May,20,5,177.00,0.9957638889,68,153,128,A,-p,0.4828,0.9439,49N,176E,61,237,5,46,346
9536,2012,Nov,13,11,178.00,0.9256365741,68,159,133,T,-n,-0.3719,1.05,40S,161W,68,179,4,2,242
9537,2013,May,10,5,177.00,0.01828703704,68,165,138,A,pn,-0.2694,0.9544,2N,175E,74,173,6,3,363
9538,2013,Nov,3,11,502.00,0.5330555556,68,171,143,H3,n-,0.3272,1.0159,3N,12W,71,58,1,40,100
9541,2015,Mar,20,3,355.00,0.4074884259,69,188,120,T,-t,0.9454,1.0445,64N,7W,18,463,2,47,167
9543,2016,Mar,9,3,176.00,0.08216435185,70,200,130,T,-n,0.2609,1.045,10N,149E,75,155,4,9,249
9544,2016,Sep,1,9,178.00,0.3805787037,70,206,135,A,-n,-0.333,0.9736,11S,38E,70,100,3,6,186
9545,2017,Feb,26,2,176.00,0.6212152778,70,212,140,A,n-,-0.4578,0.9922,35S,31W,63,31,0,44,44
9546,2017,Aug,21,8,680.00,0.7685185185,70,218,145,T,p-,0.4367,1.0306,37N,88W,64,115,2,40,160
9551,2019,Jul,2,7,177.00,0.8084143519,71,241,127,T,-p,-0.6466,1.0459,17S,109W,50,201,4,33,273
9552,2019,Dec,26,12,178.00,0.2214467593,72,247,132,A,-n,0.4135,0.9701,1N,102E,66,118,3,40,220
9553,2020,Jun,21,6,176.00,0.2786458333,72,253,137,Am,nn,0.1209,0.994,31N,80E,83,21,0,38,38
9554,2020,Dec,14,12,178.00,0.6768402778,72,259,142,T,n-,-0.2939,1.0254,40S,68W,73,90,2,10,130
9555,2021,Jun,10,6,177.00,0.4466087963,72,265,147,A,t-,0.9152,0.9435,81N,67W,23,527,3,51,231
9556,2021,Dec,4,12,502.00,0.3157175926,73,271,152,T,p-,-0.9526,1.0367,77S,46W,17,419,1,54,114
9559,2023,Apr,20,4,177.00,0.1791203704,73,288,129,H,-n,-0.3952,1.0132,10S,126E,67,49,1,16,76
9560,2023,Oct,14,10,177.00,0.750474537,74,294,134,A,-p,0.3753,0.952,11N,83W,68,187,5,17,317
9561,2024,Apr,8,4,177.00,0.7628356481,74,300,139,T,n-,0.3431,1.0566,25N,104W,70,198,4,28,268
9562,2024,Oct,2,10,503.00,0.7820949074,74,306,144,A,p-,-0.3509,0.9326,22S,114W,69,266,7,25,445
9565,2026,Feb,17,2,176.00,0.5090972222,75,323,121,A,-t,-0.9743,0.963,65S,87E,12,616,2,20,140
9566,2026,Aug,12,8,178.00,0.7410416667,75,329,126,T,-p,0.8977,1.0386,65N,25W,26,294,2,18,138
9567,2027,Feb,6,2,177.00,0.6672222222,76,335,131,A,-n,-0.2952,0.9281,31S,48W,73,282,7,51,471
9568,2027,Aug,2,8,177.00,0.4221064815,76,341,136,T,nn,0.1421,1.079,26N,33E,82,258,6,23,383
9569,2028,Jan,26,1,178.00,0.6312384259,76,347,141,A,p-,0.3901,0.9208,3N,52W,67,323,10,27,627
9570,2028,Jul,22,7,679.00,0.1226851852,77,353,146,T,p-,-0.6056,1.056,16S,127E,53,230,5,10,310
9575,2030,Jun,1,6,177.00,0.2702893519,78,376,128,A,-p,0.5626,0.9443,57N,80E,55,250,5,21,321
9576,2030,Nov,25,11,177.00,0.2858449074,78,382,133,T,-n,-0.3867,1.0468,44S,71E,67,169,3,44,224
9577,2031,May,21,5,177.00,0.3028240741,78,388,138,A,nn,-0.197,0.9589,9N,72E,79,152,5,26,326
9578,2031,Nov,14,11,177.00,0.8802199074,79,394,143,H,n-,0.3078,1.0106,1S,138W,72,38,1,8,68
9579,2032,May,9,5,325.00,0.5602083333,79,400,148,A,t-,-0.9375,0.9957,51S,7W,20,44,0,22,22
9581,2033,Mar,30,3,355.00,0.7518055556,80,411,120,T,-t,0.9778,1.0462,71N,156W,11,781,2,37,157
9583,2034,Mar,20,3,176.00,0.4296875,80,423,130,T,-n,0.2894,1.0458,16N,22E,73,159,4,9,249
9584,2034,Sep,12,9,178.00,0.6801851852,81,429,135,A,-p,-0.3936,0.9736,18S,73W,67,102,2,58,178
9585,2035,Mar,9,3,177.00,0.9624305556,81,435,140,A,n-,-0.4368,0.9919,29S,155W,64,31,0,48,48
9586,2035,Sep,2,9,680.00,0.08108796296,81,441,145,T,p-,0.3727,1.032,29N,158E,68,116,2,54,174
9591,2037,Jul,13,7,176.00,0.1115277778,83,464,127,T,-p,-0.7246,1.0413,25S,139E,43,201,3,58,238
9592,2038,Jan,5,1,178.00,0.5744328704,83,470,132,A,-n,0.4169,0.9728,2N,25W,65,107,3,18,198
9593,2038,Jul,2,7,177.00,0.564525463,84,476,137,A,nn,0.0398,0.9911,25N,22W,88,31,1,0,60
9594,2038,Dec,26,12,177.00,0.04178240741,84,482,142,T,n-,-0.2881,1.0268,40S,164E,73,95,2,18,138
9595,2039,Jun,21,6,177.00,0.7172916667,84,488,147,A,p-,0.8312,0.9454,79N,102W,33,365,4,5,245
9596,2039,Dec,15,12,502.00,0.6831712963,85,494,152,T,p-,-0.9458,1.0356,81S,173E,18,380,1,51,111
9599,2041,Apr,30,4,178.00,0.4946875,86,511,129,T,-p,-0.4492,1.0189,10S,12E,63,72,1,51,111
9600,2041,Oct,25,10,177.00,0.0669212963,86,517,134,A,-p,0.4133,0.9467,10N,163E,66,213,6,7,367
9601,2042,Apr,20,4,177.00,0.09548611111,86,523,139,T,n-,0.2956,1.0614,27N,137E,73,210,4,51,291
9602,2042,Oct,14,10,502.00,0.08381944444,87,529,144,A,n-,-0.303,0.93,24S,138E,72,273,7,44,464
9605,2044,Feb,28,2,177.00,0.8504513889,88,546,121,As,-t,-0.9954,0.96,62S,26W,4,-,2,27,147
9606,2044,Aug,23,8,177.00,0.05349537037,88,552,126,T,-t,0.9613,1.0364,64N,120W,15,453,2,4,124
9607,2045,Feb,16,2,177.00,0.9973032407,89,558,131,A,-n,-0.3125,0.9285,28S,166W,72,281,7,47,467
9608,2045,Aug,12,8,177.00,0.7379513889,89,564,136,T,-n,0.2116,1.0774,26N,79W,78,256,6,6,366
9609,2046,Feb,5,2,178.00,0.9628009259,90,570,141,A,p-,0.3765,0.9232,5N,171W,68,310,9,42,582
9610,2046,Aug,2,8,679.00,0.431400463,90,576,146,T,p-,-0.535,1.0531,13S,15E,58,206,4,51,291
9615,2048,Jun,11,6,177.00,0.5408912037,92,599,128,A,-p,0.6468,0.9441,64N,12W,49,272,4,58,298
9616,2048,Dec,5,12,177.00,0.6496180556,92,605,133,T,-n,-0.3973,1.044,46S,56W,66,160,3,28,208
9617,2049,May,31,5,178.00,0.5833217593,92,611,138,A,nn,-0.1187,0.9631,15N,30W,83,134,4,45,285
9618,2049,Nov,25,11,176.00,0.2318055556,93,617,143,H,n-,0.2943,1.0057,4S,95E,73,21,0,38,38
9619,2050,May,20,5,680.00,0.8630787037,94,623,148,H,t-,-0.8688,1.0038,40S,124W,29,27,0,21,21
9623,2052,Mar,30,3,176.00,0.7721412037,97,646,130,T,-n,0.3238,1.0466,22N,103W,71,164,4,8,248
9624,2052,Sep,22,9,179.00,0.9855324074,98,652,135,A,-p,-0.448,0.9734,26S,175E,63,106,2,51,171
9625,2053,Mar,20,3,176.00,0.2974421296,99,658,140,A,n-,-0.4089,0.9919,23S,83E,66,31,0,50,50
9626,2053,Sep,12,9,680.00,0.3987152778,100,664,145,T,n-,0.314,1.0328,21N,42E,72,116,3,4,184
9631,2055,Jul,24,7,176.00,0.415162037,104,687,127,T,-p,-0.8012,1.0359,33S,26E,37,202,3,17,197
9632,2056,Jan,16,1,178.00,0.9282986111,105,693,132,A,-n,0.4199,0.9759,4N,154W,65,95,2,52,172
9633,2056,Jul,12,7,177.00,0.848599537,106,699,137,A,nn,-0.0426,0.9878,19N,124W,88,43,1,26,86
9634,2057,Jan,5,1,177.00,0.4082407407,107,705,142,T,n-,-0.2837,1.0287,39S,35E,73,102,2,29,149
9635,2057,Jul,1,7,178.00,0.9862847222,108,711,147,A,p-,0.7455,0.9464,71N,176W,41,298,4,22,262
9636,2057,Dec,26,12,501.00,0.05179398148,109,717,152,T,p-,-0.9405,1.0348,85S,22E,19,355,1,50,110
9640,2059,May,11,5,178.00,0.8071296296,112,734,129,T,-p,-0.508,1.0242,11S,100W,59,95,2,23,143
9641,2059,Nov,5,11,177.00,0.3876736111,113,740,134,A,-p,0.4454,0.9417,9N,47E,63,238,7,0,420
9642,2060,Apr,30,4,177.00,0.4236111111,114,746,139,T,n-,0.2422,1.066,28N,21E,76,222,5,15,315
9643,2060,Oct,24,10,178.00,0.3917824074,115,752,144,A,nn,-0.2625,0.9277,26S,28E,75,281,8,6,486
9644,2061,Apr,20,4,176.00,0.1227893519,116,758,149,T,t-,0.9578,1.0475,65N,59E,16,559,2,37,157
9645,2061,Oct,13,10,503.00,0.4390046296,117,764,154,A,t-,-0.9639,0.9469,62S,54W,15,743,3,41,221
9648,2063,Feb,28,2,177.00,0.321875,120,781,131,A,-p,-0.336,0.9293,25S,78E,70,280,7,41,461
9649,2063,Aug,24,8,177.00,0.05707175926,121,787,136,T,-n,0.2771,1.075,26N,168E,74,252,5,49,349
9650,2064,Feb,17,2,177.00,0.2919328704,122,793,141,A,p-,0.3597,0.9262,7N,70E,69,295,8,56,536
9651,2064,Aug,12,8,679.00,0.7403472222,123,799,146,T,p-,-0.4652,1.0495,11S,96W,62,184,4,28,268
9656,2066,Jun,22,6,178.00,0.8095833333,127,822,128,A,-p,0.733,0.9435,70N,96W,43,309,4,40,280
9657,2066,Dec,17,12,176.00,0.01643518519,128,828,133,T,-n,-0.4043,1.0416,47S,176E,66,152,3,14,194
9658,2067,Jun,11,6,178.00,0.8628009259,129,834,138,A,nn,-0.0387,0.967,21N,130W,88,119,4,5,245
9659,2067,Dec,6,12,177.00,0.5859143519,130,840,143,H,n-,0.2845,1.0011,6S,32W,74,4,0,8,8
9660,2068,May,31,5,680.00,0.1643402778,131,846,148,T,p-,-0.797,1.011,31S,123E,37,63,1,6,66
9665,2070,Apr,11,4,176.00,0.1084375,135,869,130,T,-n,0.3652,1.0472,29N,135E,68,168,4,4,244
9666,2070,Oct,4,10,178.00,0.2978819444,136,875,135,A,-p,-0.495,0.9731,33S,60E,60,110,2,44,164
9667,2071,Mar,31,3,176.00,0.6257638889,138,881,140,A,n-,-0.3739,0.9919,17S,37W,68,31,0,52,52
9668,2071,Sep,23,9,355.00,0.7225462963,139,887,145,T,n-,0.262,1.0333,14N,77W,75,116,3,11,191
9670,2072,Sep,12,9,325.00,0.374537037,141,899,155,T,t-,0.9655,1.0558,70N,102E,14,732,3,13,193
9672,2073,Aug,3,8,177.00,0.7190162037,143,910,127,T,-t,-0.8763,1.0294,43S,89W,28,206,2,29,149
9673,2074,Jan,27,1,178.00,0.2807291667,144,916,132,A,-n,0.4251,0.9798,7N,79E,65,79,2,21,141
9674,2074,Jul,24,7,176.00,0.1323148148,145,922,137,A,nn,-0.1242,0.9838,13N,134E,83,58,1,57,117
9675,2075,Jan,16,1,178.00,0.7750462963,146,928,142,T,n-,-0.2799,1.0311,37S,94W,74,110,2,42,162
9676,2075,Jul,13,7,177.00,0.2539814815,147,934,147,A,p-,0.6583,0.9467,63N,95E,49,262,4,45,285
9677,2076,Jan,6,1,502.00,0.4218402778,148,940,152,T,p-,-0.9373,1.0342,87S,174W,20,340,1,49,109
9681,2077,May,22,5,177.00,0.1153356481,151,957,129,T,-p,-0.5725,1.029,13S,148E,55,119,2,54,174
9682,2077,Nov,15,11,177.00,0.7138425926,152,963,134,A,-p,0.4705,0.9371,8N,71W,62,262,7,54,474
9683,2078,May,11,5,177.00,0.7478587963,153,969,139,T,n-,0.1838,1.0701,28N,94W,79,232,5,40,340
9684,2078,Nov,4,11,178.00,0.7053703704,154,975,144,A,nn,-0.2285,0.9255,28S,83W,77,287,8,29,509
9685,2079,May,1,5,176.00,0.4515393519,155,981,149,T,p-,0.9081,1.0512,66N,46W,24,406,2,55,175
9686,2079,Oct,24,10,503.00,0.7578819444,156,987,154,A,t-,-0.9243,0.9484,63S,161W,22,495,3,39,219
9689,2081,Mar,10,3,177.00,0.6413310185,159,1004,131,A,-p,-0.3653,0.9304,22S,37W,68,277,7,36,456
9690,2081,Sep,3,9,177.00,0.3802199074,160,1010,136,T,-n,0.3378,1.072,25N,54E,70,247,5,33,333
9691,2082,Feb,27,2,178.00,0.6159722222,162,1016,141,A,p-,0.3361,0.9298,9N,47W,70,277,8,12,492
9692,2082,Aug,24,8,679.00,0.05302083333,163,1022,146,T,n-,-0.4004,1.0452,10S,152E,66,163,4,1,241
9697,2084,Jul,3,7,177.00,0.07668981481,167,1045,128,A,-p,0.8208,0.9421,75N,169W,35,377,4,25,265
9698,2084,Dec,27,12,177.00,0.3845833333,168,1051,133,T,-n,-0.4094,1.0396,47S,48E,66,146,3,4,184
9699,2085,Jun,22,6,177.00,0.1397685185,169,1057,138,A,nn,0.0452,0.9704,26N,131E,87,106,3,29,209
9700,2085,Dec,16,12,177.00,0.9429166667,170,1063,143,A,n-,0.2786,0.9971,7S,161W,74,10,0,19,19
9701,2086,Jun,11,6,680.00,0.4633564815,171,1069,148,T,p-,-0.7215,1.0174,23S,12E,44,86,1,48,108
9706,2088,Apr,21,4,176.00,0.4387615741,175,1092,130,T,-p,0.4135,1.0474,36N,15E,65,173,3,58,238
9707,2088,Oct,14,10,178.00,0.616724537,177,1098,135,A,-p,-0.5349,0.9727,40S,56W,57,115,2,38,158
9708,2089,Apr,10,4,177.00,0.9477083333,178,1104,140,A,n-,-0.3319,0.9919,10S,155W,71,30,0,53,53
9709,2089,Oct,4,10,354.00,0.05234953704,179,1110,145,T,n-,0.2167,1.0333,7N,163E,77,115,3,14,194
9711,2090,Sep,23,9,326.00,0.7059722222,181,1122,155,T,t-,0.9157,1.0562,61N,40W,23,463,3,36,216
9713,2091,Aug,15,8,176.00,0.0241087963,183,1133,127,T,-t,-0.949,1.0216,56S,150E,18,236,1,38,98
9714,2092,Feb,7,2,178.00,0.6321759259,184,1139,132,A,-n,0.4322,0.984,10N,49W,64,62,1,48,108
9715,2092,Aug,3,8,177.00,0.4163541667,185,1145,137,A,nn,-0.2044,0.9794,6N,30E,78,75,2,31,151
9716,2093,Jan,27,1,177.00,0.140462963,186,1151,142,T,n-,-0.2737,1.034,34S,136E,74,119,2,58,178
9717,2093,Jul,23,7,177.00,0.5222685185,187,1157,147,A,p-,0.5717,0.9463,55N,1E,55,241,5,11,311
9718,2094,Jan,16,1,502.00,0.7910069444,189,1163,152,T,p-,-0.9333,1.0342,85S,11W,21,329,1,51,111
9722,2095,Jun,2,6,178.00,0.4219907407,192,1180,129,T,-p,-0.6396,1.0332,17S,37E,50,145,3,18,198
9723,2095,Nov,27,11,177.00,0.04371527778,193,1186,134,A,-p,0.4903,0.933,7N,170E,61,285,8,47,527
9724,2096,May,22,5,177.00,0.06752314815,194,1192,139,T,nn,0.1196,1.0737,27N,153E,83,241,6,6,366
9725,2096,Nov,15,11,177.00,0.02517361111,195,1198,144,A,nn,-0.2018,0.9237,30S,163E,78,294,8,53,533
9726,2097,May,11,5,177.00,0.7739699074,196,1204,149,T,p-,0.8516,1.0538,67N,150W,31,339,3,10,190
9727,2097,Nov,4,11,502.00,0.08431712963,197,1210,154,A,t-,-0.8926,0.9494,66S,87E,26,411,3,36,216
9731,2099,Mar,21,3,177.00,0.954537037,201,1227,131,A,-p,-0.4016,0.9318,20S,149W,66,275,7,32,452
9732,2099,Sep,14,9,177.00,0.7068634259,202,1233,136,T,-n,0.3942,1.0684,23N,63W,67,241,5,18,318
9733,2100,Mar,10,3,178.00,0.9362384259,203,1239,141,A,n-,0.3077,0.9338,12N,162W,72,257,7,29,449
9734,2100,Sep,4,9,0.00,0.3675925926,204,1245,146,T,n-,-0.3384,1.0402,10S,39E,70,142,3,32,212